{"working_dir":null,"default_chunk_options":{"include":false},"chunk_definitions":[{"row":18,"row_count":1,"visible":true,"expansion_state":0,"options":{"engine":"r","label":"setup","include":false},"document_id":"21A25ED9","chunk_id":"csetup_chunk","chunk_label":"setup"},{"row":217,"row_count":1,"visible":true,"expansion_state":0,"options":{"engine":"r","label":"dientes","echo":true,"include":true,"out.width":"65%"},"document_id":"21A25ED9","chunk_id":"co2utde7kde46","chunk_label":"dientes"}],"doc_write_time":1660346703,"chunk_rendered_width":517}