{"chunk_definitions":[{"row":12,"row_count":1,"visible":true,"expansion_state":0,"options":{"engine":"r","label":"setup","include":false},"document_id":"A8AA75BD","chunk_id":"csetup_chunk","chunk_label":"setup"},{"row":44,"row_count":1,"visible":true,"expansion_state":0,"options":{"engine":"r","label":"version","exercise":true},"document_id":"A8AA75BD","chunk_id":"c00ip6w3d9sf5","chunk_label":"version"},{"row":58,"row_count":1,"visible":true,"expansion_state":0,"options":{"engine":"r","label":"version_RStudio","exercise":true},"document_id":"A8AA75BD","chunk_id":"cpt6uyu1gq83e","chunk_label":"version_RStudio"},{"row":73,"row_count":1,"visible":true,"expansion_state":0,"options":{"engine":"r","label":"two-plus-two","exercise":true},"document_id":"A8AA75BD","chunk_id":"cw7lobwwlflel","chunk_label":"two-plus-two"},{"row":86,"row_count":1,"visible":true,"expansion_state":0,"options":{"engine":"r","label":"variables","exercise":true},"document_id":"A8AA75BD","chunk_id":"ckzqaig8n0h00","chunk_label":"variables"},{"row":101,"row_count":1,"visible":true,"expansion_state":0,"options":{"engine":"r","label":"vector","exercise":true},"document_id":"A8AA75BD","chunk_id":"cdacpwiegev22","chunk_label":"vector"},{"row":136,"row_count":1,"visible":true,"expansion_state":0,"options":{"engine":"r","label":"meta_vectores","exercise":true},"document_id":"A8AA75BD","chunk_id":"ca3t0czikpxfv","chunk_label":"meta_vectores"},{"row":161,"row_count":1,"visible":true,"expansion_state":0,"options":{"engine":"r","label":"listas","exercise":true},"document_id":"A8AA75BD","chunk_id":"cz0ybii4wqfbm","chunk_label":"listas"},{"row":187,"row_count":1,"visible":true,"expansion_state":0,"options":{"engine":"r","label":"headEtc","exercise":true},"document_id":"A8AA75BD","chunk_id":"ckeqq518rg1s8","chunk_label":"dataframedos"}],"doc_write_time":1660570274}