{"chunk_definitions":[{"row":9,"row_count":1,"visible":true,"expansion_state":0,"options":{"engine":"r","label":"setup","include":false},"document_id":"A8AA75BD","chunk_id":"csetup_chunk","chunk_label":"setup"},{"row":30,"row_count":1,"visible":true,"expansion_state":0,"options":{},"document_id":"A8AA75BD","chunk_id":"cxxppio9me1cq","chunk_label":"version"},{"row":43,"row_count":1,"visible":true,"expansion_state":0,"options":{},"document_id":"A8AA75BD","chunk_id":"cto7j8d12t5sw","chunk_label":"version_RStudio"},{"row":58,"row_count":1,"visible":true,"expansion_state":0,"options":{},"document_id":"A8AA75BD","chunk_id":"cv947nbgd26a4","chunk_label":"two-plus-two"},{"row":68,"row_count":1,"visible":true,"expansion_state":0,"options":{},"document_id":"A8AA75BD","chunk_id":"cfqmh4dstcd4t","chunk_label":"vector"}],"doc_write_time":1660084944,"working_dir":null,"default_chunk_options":{"tutorial":true,"echo":false}}