{"chunk_definitions":[{"row":9,"row_count":1,"visible":true,"expansion_state":0,"options":{"engine":"r","label":"setup","include":false},"document_id":"A8AA75BD","chunk_id":"csetup_chunk","chunk_label":"setup"},{"row":31,"row_count":1,"visible":true,"expansion_state":0,"options":{"engine":"r","label":"version","exercise":true},"document_id":"A8AA75BD","chunk_id":"c00ip6w3d9sf5","chunk_label":"version"},{"row":45,"row_count":1,"visible":true,"expansion_state":0,"options":{"engine":"r","label":"version_RStudio","exercise":true},"document_id":"A8AA75BD","chunk_id":"cpt6uyu1gq83e","chunk_label":"version_RStudio"},{"row":60,"row_count":1,"visible":true,"expansion_state":0,"options":{"engine":"r","label":"two-plus-two","exercise":true},"document_id":"A8AA75BD","chunk_id":"cw7lobwwlflel","chunk_label":"two-plus-two"},{"row":74,"row_count":1,"visible":true,"expansion_state":0,"options":{"engine":"r","label":"variables","exercise":true},"document_id":"A8AA75BD","chunk_id":"ckzqaig8n0h00","chunk_label":"variables"},{"row":89,"row_count":1,"visible":true,"expansion_state":0,"options":{"engine":"r","label":"vector","exercise":true},"document_id":"A8AA75BD","chunk_id":"cdacpwiegev22","chunk_label":"vector"}],"doc_write_time":1660173436,"working_dir":null,"default_chunk_options":{"echo":false}}